{"cameraMode":{"drawMode":0,"name":"Shaded","section":"Shading Mode"},"sceneLighting":true,"audioPlay":false,"sceneViewState":{"showFog":true,"showMaterialUpdate":false,"showSkybox":true,"showFlares":true,"showImageEffects":true,"showParticleSystems":true},"in2DMode":false,"pivot":{"x":-13.687053680419922,"y":4.960275650024414,"z":-4.460553169250488},"rotation":{"x":0.03804194927215576,"y":-0.9544289112091065,"z":0.26138728857040408,"w":0.13899211585521699},"size":3.1416585445404054,"orthographic":false}