{"cameraMode":{"drawMode":0,"name":"Shaded","section":"Shading Mode"},"sceneLighting":true,"audioPlay":false,"sceneViewState":{"showFog":true,"showMaterialUpdate":false,"showSkybox":true,"showFlares":true,"showImageEffects":true,"showParticleSystems":true},"in2DMode":false,"pivot":{"x":-3.0985803604125978,"y":-1.2206153869628907,"z":-8.475465774536133},"rotation":{"x":-0.25393956899642947,"y":0.7460390329360962,"z":-0.43244436383247378,"w":-0.4381484091281891},"size":27.5557861328125,"orthographic":false}