{"cameraMode":{"drawMode":0,"name":"Shaded","section":"Shading Mode"},"sceneLighting":true,"audioPlay":false,"sceneViewState":{"showFog":true,"showMaterialUpdate":false,"showSkybox":true,"showFlares":true,"showImageEffects":true,"showParticleSystems":true},"in2DMode":false,"pivot":{"x":-5.396511077880859,"y":-2.1165294647216799,"z":-20.232873916625978},"rotation":{"x":-0.13524308800697328,"y":0.863676905632019,"z":-0.3659885823726654,"w":-0.319209486246109},"size":36.38581466674805,"orthographic":false}